Date,AAPL,MSFT,GOOGL,AMZN,NVDA,JNJ,JPM,XOM,PG,TSLA
2021-01-04,130.0,220.0,85.0,160.0,135.0,155.0,125.0,42.0,138.0,240.0
2021-01-05,127.61,219.73,85.99,162.04,134.1,156.57,125.12,41.15,138.27,229.58
2021-01-06,125.11,215.13,83.48,160.25,130.29,156.99,125.34,41.38,138.0,223.63
2021-01-07,122.36,214.37,82.2,156.81,130.0,155.75,125.53,41.36,136.31,221.49
2021-01-08,124.25,218.27,84.58,159.48,141.07,155.48,126.46,41.67,135.9,241.0
2021-01-11,126.03,220.42,85.24,156.78,141.83,156.07,126.2,41.27,136.5,248.17
2021-01-12,126.6,221.81,86.64,158.03,142.75,157.16,127.18,41.27,137.97,247.12
2021-01-13,121.69,216.94,83.65,153.38,136.38,156.18,125.47,39.41,135.64,235.76
2021-01-14,121.73,213.55,82.35,150.87,133.79,154.64,122.7,38.84,136.08,230.29
2021-01-15,120.75,211.62,81.87,150.28,133.2,152.96,120.64,38.99,134.96,234.83
2021-01-18,123.42,217.65,83.3,151.96,138.57,155.12,124.93,40.35,135.89,247.0
2021-01-19,124.71,216.62,83.96,150.99,139.73,154.31,124.24,39.56,135.74,250.66
2021-01-20,126.77,220.14,86.28,159.31,144.12,155.65,124.34,41.08,137.94,253.23
2021-01-21,128.04,224.28,87.63,162.36,148.91,155.24,126.98,42.63,139.27,257.8
2021-01-22,126.67,220.34,86.96,165.14,146.24,156.24,125.96,42.66,137.81,251.22
2021-01-25,128.44,221.9,88.77,168.44,155.14,156.83,125.08,42.75,137.85,268.19
2021-01-26,128.6,221.85,88.72,170.6,154.46,158.07,127.49,42.96,137.1,266.74
2021-01-27,130.07,223.77,90.07,177.0,158.39,158.11,130.69,43.86,138.86,277.16
2021-01-28,128.27,224.81,90.21,173.84,158.33,158.43,130.94,44.34,139.96,276.51
2021-01-29,130.96,230.15,92.37,176.42,162.21,157.49,132.11,44.33,140.01,276.61
2021-02-01,127.54,227.06,90.16,173.63,154.92,156.71,133.46,44.34,139.7,258.71
2021-02-02,132.31,236.85,94.79,180.07,167.05,159.11,139.31,45.32,140.51,270.01
2021-02-03,130.85,239.04,94.32,177.5,168.27,157.46,140.1,46.29,140.5,279.46
2021-02-04,128.33,240.35,92.97,171.19,166.09,159.57,139.64,45.29,138.22,273.99
2021-02-05,124.59,232.86,91.31,172.61,157.31,158.38,139.07,46.72,138.0,269.62
2021-02-08,124.28,232.69,91.63,172.91,152.67,159.95,138.81,48.32,138.37,269.75
2021-02-09,125.18,233.62,91.79,174.1,156.18,159.63,137.59,48.07,139.92,278.53
2021-02-10,125.94,235.95,92.02,176.92,160.21,159.54,134.46,47.23,139.39,282.82
2021-02-11,129.01,238.75,93.42,180.21,165.09,161.18,134.86,48.32,140.16,300.58
2021-02-12,128.56,236.86,94.36,183.81,159.43,160.69,138.08,47.98,140.55,292.86
2021-02-15,127.28,235.37,91.99,187.29,157.1,162.3,138.68,49.4,140.46,293.65
2021-02-16,128.44,238.86,93.92,187.09,159.05,164.35,136.69,50.54,140.04,302.01
2021-02-17,127.2,237.31,94.1,188.84,158.34,164.57,134.63,49.73,139.37,297.69
2021-02-18,127.41,239.92,95.0,189.17,166.05,165.62,134.82,51.31,141.51,323.04
2021-02-19,127.27,242.11,94.19,190.73,167.55,164.67,135.94,50.37,139.3,320.6
2021-02-22,128.45,245.96,95.9,196.57,174.09,165.79,137.67,50.96,140.33,321.81
2021-02-23,129.19,246.76,96.55,198.27,169.3,164.81,137.55,51.16,140.04,315.47
2021-02-24,132.26,251.42,98.37,195.7,171.51,165.44,140.25,52.73,139.4,329.66
2021-02-25,132.83,257.26,99.69,200.85,177.73,168.61,144.61,54.1,138.92,340.51
2021-02-26,135.94,263.49,101.68,202.15,180.67,171.25,148.25,54.84,139.62,337.57
2021-03-01,135.02,265.83,102.5,202.52,181.88,172.89,149.03,53.72,139.32,334.78
2021-03-02,137.41,265.25,103.29,204.68,180.51,173.28,151.12,53.82,142.19,332.94
2021-03-03,136.57,263.05,101.87,201.82,174.07,172.42,149.81,51.63,141.3,315.54
2021-03-04,137.72,267.69,103.84,200.86,176.46,173.62,150.16,50.85,143.86,311.43
2021-03-05,136.5,260.62,102.81,197.36,169.79,173.29,147.43,50.03,145.28,288.82
2021-03-08,134.92,256.46,101.25,195.93,162.8,171.73,144.44,49.26,144.71,279.83
2021-03-09,137.17,260.98,102.24,197.39,173.87,173.86,144.74,50.77,145.75,297.8
2021-03-10,140.18,261.45,101.95,202.6,177.08,174.47,144.02,50.93,146.39,300.0
2021-03-11,139.46,259.6,100.64,199.92,168.45,174.82,143.91,50.71,145.88,290.66
2021-03-12,138.02,256.6,99.96,199.66,170.22,176.7,146.34,50.17,145.8,288.35
2021-03-15,138.69,250.73,98.82,199.63,162.4,176.53,143.24,49.8,149.05,269.76
2021-03-16,138.46,249.55,98.03,201.76,164.26,177.79,141.99,51.69,147.6,274.81
2021-03-17,138.9,250.36,98.72,207.62,165.56,178.82,142.11,52.68,147.6,275.68
2021-03-18,140.13,254.43,98.12,208.8,169.03,181.07,141.77,54.12,147.42,273.48
2021-03-19,142.46,255.17,97.87,210.46,170.76,182.31,143.55,54.59,147.27,282.23
2021-03-22,142.9,257.18,97.67,208.97,173.76,184.28,145.79,54.94,147.2,291.63
2021-03-23,140.65,252.59,97.22,209.14,167.78,184.86,148.81,54.69,146.29,281.86
2021-03-24,142.8,257.61,100.01,214.94,169.71,186.55,149.32,55.02,146.49,287.16
2021-03-25,140.97,249.83,98.09,223.34,162.95,186.53,152.84,56.17,147.22,282.63
2021-03-26,141.59,247.87,96.91,230.61,163.03,187.25,152.57,57.3,151.25,284.32
2021-03-29,140.42,246.29,97.02,227.78,162.8,183.38,150.84,57.37,152.27,276.42
2021-03-30,137.35,242.21,94.25,223.75,157.28,180.83,149.75,56.74,152.83,255.23
2021-03-31,135.34,241.16,92.68,220.68,154.9,180.89,147.28,56.43,151.3,253.34
2021-04-01,135.19,241.42,94.61,217.63,157.87,176.71,142.95,54.57,149.06,250.92
2021-04-02,135.87,241.68,94.79,220.16,160.73,175.2,141.96,54.6,150.02,248.24
2021-04-05,135.77,241.71,94.2,217.12,160.6,174.72,142.13,53.58,149.48,244.88
2021-04-06,137.53,241.62,95.03,220.04,165.96,173.42,141.01,52.81,148.22,257.73
2021-04-07,135.05,236.95,94.26,212.2,161.52,169.97,141.58,50.36,145.07,245.26
2021-04-08,137.13,239.33,95.21,218.79,170.89,171.89,141.96,50.58,145.05,257.22
2021-04-09,133.87,236.93,95.05,218.92,165.51,172.57,145.95,52.19,143.21,258.33
2021-04-12,133.63,238.59,95.53,210.32,164.89,172.06,142.57,51.8,140.59,255.92
2021-04-13,136.45,239.88,97.32,207.37,172.73,171.01,143.02,51.69,142.2,261.43
2021-04-14,136.52,238.5,95.76,210.24,171.07,171.56,142.71,51.62,144.91,256.02
2021-04-15,133.42,234.11,94.14,209.45,162.54,172.32,138.93,51.95,142.38,245.71
2021-04-16,135.67,237.03,96.16,214.04,170.16,174.51,140.28,53.01,141.73,259.7
2021-04-19,137.44,239.43,97.63,215.12,176.46,174.7,140.29,53.88,140.76,274.14
2021-04-20,135.37,240.1,96.71,213.22,176.41,172.41,137.76,54.47,141.11,271.0
2021-04-21,132.72,238.43,95.9,211.0,175.94,171.35,136.19,52.05,141.54,259.82
2021-04-22,129.47,230.69,92.54,210.6,166.15,169.35,131.98,50.44,138.51,237.44
2021-04-23,127.47,229.94,91.47,205.59,169.18,168.13,132.94,51.44,136.81,245.07
2021-04-26,126.55,227.6,91.09,202.96,164.97,167.21,131.69,50.1,137.09,240.48
2021-04-27,127.29,227.7,90.87,201.12,171.21,168.17,130.14,49.87,137.53,251.43
2021-04-28,128.42,231.51,91.34,201.95,171.08,167.24,131.52,49.67,136.29,249.02
2021-04-29,129.85,230.88,89.22,199.25,174.33,167.22,132.0,48.69,135.44,255.88
2021-04-30,130.4,232.28,90.34,201.44,177.31,168.57,134.31,49.8,137.02,269.74
2021-05-03,129.2,232.03,89.55,197.34,173.89,168.85,134.47,49.9,136.25,267.04
2021-05-04,130.89,230.72,89.98,199.5,176.19,166.83,136.87,50.36,137.27,270.41
2021-05-05,132.04,232.22,91.56,196.32,178.44,166.93,137.28,49.88,136.81,275.59
2021-05-06,128.55,230.41,89.53,193.18,174.74,166.15,135.6,47.98,136.73,264.75
2021-05-07,125.36,225.83,86.63,189.32,169.43,166.67,136.02,48.59,136.27,256.24
2021-05-10,125.22,227.12,85.92,193.79,173.32,167.46,134.81,48.43,136.87,254.43
2021-05-11,127.11,228.66,87.24,195.71,177.11,167.36,136.97,49.38,138.01,265.65
2021-05-12,125.38,227.4,87.24,196.08,172.05,167.31,138.03,48.95,135.74,256.34
2021-05-13,124.06,225.87,85.34,196.01,168.11,168.65,136.75,48.85,135.41,247.39
2021-05-14,128.86,230.51,88.67,197.49,176.99,169.44,138.84,48.83,136.19,260.26
2021-05-17,133.71,236.16,91.86,208.14,184.87,171.13,141.34,50.01,137.25,268.78
2021-05-18,134.19,234.35,92.46,211.37,182.64,170.43,142.35,49.62,139.35,264.71
2021-05-19,135.07,236.99,92.81,215.61,186.58,172.68,143.19,51.2,140.5,283.62
2021-05-20,134.4,236.76,91.73,212.61,187.18,173.98,148.7,51.53,139.87,293.51
2021-05-21,132.21,235.58,90.31,210.89,187.17,173.85,149.73,52.23,137.71,291.33
2021-05-24,129.2,236.69,89.26,213.63,181.75,174.23,151.37,53.03,137.42,273.56
2021-05-25,132.0,241.92,91.49,213.97,189.65,174.38,149.25,53.02,137.61,287.97
2021-05-26,127.69,237.34,88.22,210.27,182.61,173.79,148.6,51.62,138.09,267.32
2021-05-27,124.8,233.26,84.97,207.42,175.66,174.98,148.02,50.23,136.75,257.55
2021-05-28,126.48,238.2,87.25,209.02,182.55,177.58,150.03,51.04,136.91,266.57
2021-05-31,126.65,236.89,87.0,205.75,180.59,177.45,148.3,50.59,136.9,267.07
2021-06-01,126.47,239.25,85.82,214.55,181.34,179.92,146.98,51.89,137.67,262.15
2021-06-02,128.62,241.59,87.38,213.76,184.95,182.63,150.78,52.53,137.86,274.44
2021-06-03,129.08,243.29,87.05,216.0,184.16,185.6,150.01,53.04,139.2,272.48
2021-06-04,129.82,247.71,88.42,217.92,184.31,185.22,153.12,54.29,139.71,276.7
2021-06-07,132.46,250.43,89.92,216.99,185.14,182.73,151.0,55.45,137.79,281.99
2021-06-08,129.97,245.98,88.38,212.27,181.71,183.86,145.74,53.74,137.39,278.65
2021-06-09,129.16,245.0,87.08,205.74,183.29,180.46,147.84,54.07,138.18,284.75
2021-06-10,128.74,245.49,86.86,207.03,183.47,179.53,145.74,53.23,139.04,274.17
2021-06-11,125.15,241.99,86.0,206.64,175.97,177.18,144.63,52.88,136.66,262.81
2021-06-14,128.77,247.16,88.3,207.03,187.12,177.47,144.77,53.13,138.23,278.7
2021-06-15,131.22,251.24,89.66,210.56,194.65,176.54,147.65,53.65,138.7,291.89
2021-06-16,132.79,251.56,90.89,210.62,201.56,175.16,148.43,53.0,141.93,289.9
2021-06-17,133.93,251.25,91.0,213.29,206.27,177.52,146.35,53.13,144.57,286.41
2021-06-18,134.65,252.2,91.72,211.45,203.2,174.65,147.55,54.14,144.39,283.28
2021-06-21,131.47,249.72,89.3,205.41,195.69,173.77,143.86,53.36,142.5,274.49
2021-06-22,133.62,252.72,90.91,214.91,198.1,173.5,146.81,56.24,142.83,292.05
2021-06-23,133.9,251.47,90.07,217.12,194.82,173.67,149.61,56.48,144.63,281.85
2021-06-24,132.9,246.92,89.02,219.27,190.38,174.91,148.19,56.46,144.15,279.76
2021-06-25,134.0,249.73,89.09,216.56,191.47,174.65,147.84,57.06,143.1,276.23
2021-06-28,138.52,252.5,91.8,221.68,198.96,174.95,149.0,58.0,143.77,297.06
2021-06-29,139.8,255.58,92.37,221.67,199.33,174.85,147.0,59.2,143.67,301.02
2021-06-30,139.41,255.68,94.1,221.23,197.15,175.4,143.52,58.78,142.49,291.59
2021-07-01,140.57,257.28,93.4,219.18,190.96,175.71,143.23,58.14,142.61,276.58
2021-07-02,138.61,256.04,91.95,216.7,186.55,175.0,141.3,57.17,142.24,262.96
2021-07-05,138.73,254.45,90.59,219.56,187.0,178.33,139.68,56.98,142.86,268.4
2021-07-06,137.75,250.49,90.48,218.28,185.08,178.55,139.83,56.48,142.43,267.26
2021-07-07,139.64,250.87,91.3,216.3,183.85,177.94,136.06,57.69,140.9,272.67
2021-07-08,142.21,251.84,90.66,216.3,184.18,174.72,134.63,57.84,142.47,266.2
2021-07-09,138.9,247.08,88.65,216.53,181.52,176.12,134.8,58.39,141.84,265.3
2021-07-12,136.5,244.51,87.44,220.41,177.43,176.68,135.25,58.32,140.66,263.53
2021-07-13,134.57,239.21,86.38,223.32,170.74,175.69,135.31,57.67,139.38,257.09
2021-07-14,135.89,243.9,86.7,221.92,176.21,175.07,136.13,59.11,139.05,267.07
2021-07-15,139.0,251.97,89.6,227.06,183.68,177.16,139.85,60.25,138.94,272.25
2021-07-16,135.48,243.21,87.36,224.82,172.22,175.29,138.5,59.33,136.53,262.06
2021-07-19,136.19,244.74,88.45,222.83,176.9,174.99,140.71,60.15,135.74,275.05
2021-07-20,136.95,245.77,88.81,223.2,180.51,175.92,141.3,58.93,136.71,279.32
2021-07-21,141.88,254.24,90.52,227.17,197.25,178.25,143.46,60.76,137.94,309.32
2021-07-22,141.43,253.74,90.88,223.68,199.76,177.18,143.75,59.16,138.67,314.99
2021-07-23,140.42,249.92,90.1,228.47,191.9,175.67,142.34,58.5,137.23,289.12
2021-07-26,141.76,252.38,89.71,234.44,200.79,175.81,144.61,58.87,138.66,292.44
2021-07-27,146.67,257.41,92.31,236.75,215.53,178.82,150.46,60.71,139.93,328.14
2021-07-28,146.74,260.87,93.72,234.49,221.77,180.08,146.11,60.93,139.28,329.79
2021-07-29,144.97,258.54,93.07,227.86,217.68,179.88,149.19,59.7,138.44,326.5
2021-07-30,147.6,260.9,95.29,223.74,217.57,179.69,147.18,58.15,137.43,330.51
2021-08-02,143.52,256.66,93.91,219.68,208.43,179.54,146.12,58.84,135.17,322.03
2021-08-03,144.05,256.42,91.88,218.41,211.25,180.58,145.47,57.76,136.31,318.68
2021-08-04,144.91,257.8,91.66,215.55,214.0,180.09,143.08,56.56,136.0,327.07
2021-08-05,143.85,256.61,91.16,210.69,205.86,177.92,142.21,56.21,135.73,315.94
2021-08-06,143.7,255.01,91.5,207.89,200.53,177.94,139.73,57.74,135.32,319.41
2021-08-09,142.04,252.38,90.17,204.49,198.2,176.69,140.32,59.86,134.93,325.93
2021-08-10,142.94,258.0,91.3,202.07,200.0,177.17,139.99,61.91,136.56,326.14
2021-08-11,141.5,256.56,91.58,201.56,195.62,176.88,139.12,62.29,135.13,318.42
2021-08-12,144.09,257.78,91.61,203.67,197.95,177.76,139.83,62.64,135.83,320.44
2021-08-13,144.36,260.39,91.38,203.28,203.55,178.97,142.51,62.61,134.35,330.49
2021-08-16,145.24,265.0,93.29,206.01,211.26,179.74,141.86,63.12,135.67,340.74
2021-08-17,147.17,266.27,93.96,209.28,212.78,179.39,142.8,64.38,135.88,339.69
2021-08-18,145.63,265.05,93.35,208.8,211.95,179.38,143.12,64.32,137.05,344.11
2021-08-19,143.12,261.49,91.91,205.78,211.69,179.09,140.63,64.12,137.26,343.63
2021-08-20,147.17,267.3,94.02,202.47,219.56,180.83,141.62,62.04,137.21,359.44
2021-08-23,148.48,266.75,93.95,202.13,217.91,177.67,141.77,63.26,135.49,371.87
2021-08-24,148.34,269.85,94.4,202.2,222.0,177.21,144.27,62.74,135.05,376.05
2021-08-25,147.29,270.72,95.21,205.08,216.16,177.98,147.62,62.31,135.23,367.1
2021-08-26,144.7,269.86,94.34,204.99,210.22,178.44,144.1,59.83,134.39,350.98
2021-08-27,145.34,270.56,94.52,202.31,210.29,178.67,143.13,60.23,134.57,356.63
2021-08-30,147.39,271.75,95.95,203.11,214.21,177.71,141.83,60.22,132.77,362.85
2021-08-31,143.94,269.69,95.17,197.65,210.03,178.33,143.38,60.09,132.89,352.76
2021-09-01,144.21,268.88,94.56,197.78,210.6,179.84,144.01,60.76,134.08,375.05
2021-09-02,140.4,262.53,93.28,194.19,203.86,179.04,147.48,59.5,134.89,372.51
2021-09-03,138.35,262.07,91.71,192.02,200.71,175.79,146.07,59.42,135.8,363.13
2021-09-06,143.31,268.54,94.45,195.48,209.8,173.61,146.32,58.17,136.87,360.1
2021-09-07,141.47,264.64,93.0,194.03,207.82,172.3,145.99,60.32,137.37,363.74
2021-09-08,139.9,262.3,91.39,193.26,204.59,169.26,143.82,60.98,136.51,353.16
2021-09-09,137.1,254.3,89.73,191.03,196.97,169.95,145.12,59.97,136.53,339.68
2021-09-10,135.72,253.54,88.5,182.73,191.42,168.48,146.09,58.95,136.22,330.11
2021-09-13,138.34,259.71,91.26,179.86,199.15,169.62,148.69,59.82,136.61,343.58
2021-09-14,134.92,253.97,91.06,176.81,185.4,169.42,150.66,60.69,135.77,335.13
2021-09-15,138.81,256.95,92.27,176.47,190.14,171.18,152.68,61.47,134.73,349.78
2021-09-16,135.09,255.39,91.81,176.16,183.23,173.36,153.27,60.41,132.65,331.53
2021-09-17,135.27,255.29,90.8,179.36,183.36,172.98,154.96,59.93,131.22,336.25
2021-09-20,139.28,259.13,92.85,179.21,189.63,172.31,155.4,60.47,130.69,350.11
2021-09-21,135.61,253.85,90.57,177.03,182.7,172.88,151.06,58.23,130.5,317.17
2021-09-22,136.07,251.59,91.53,178.89,180.81,174.18,150.36,57.36,129.21,310.26
2021-09-23,136.28,253.13,92.56,174.01,181.07,172.09,149.42,58.96,129.02,322.38
2021-09-24,140.46,261.11,95.07,173.17,190.75,171.97,147.24,59.24,129.74,347.61
2021-09-27,139.78,261.07,94.28,174.85,190.12,170.86,146.48,59.78,129.93,350.02
2021-09-28,136.84,255.44,92.75,170.94,183.18,166.54,149.43,59.25,130.43,334.08
2021-09-29,137.78,260.41,94.79,171.19,187.75,168.53,156.55,60.54,132.9,343.39
2021-09-30,139.86,265.88,96.13,170.29,197.15,168.37,155.07,59.92,132.74,359.09
2021-10-01,141.04,269.29,97.45,169.5,202.99,170.18,157.78,60.71,132.41,375.84
2021-10-04,139.39,267.24,95.19,163.31,198.24,168.49,155.15,59.67,131.77,369.73
2021-10-05,138.5,265.64,95.71,163.19,195.6,168.34,155.38,58.95,130.32,359.14
2021-10-06,140.42,266.5,96.45,166.51,197.61,169.55,153.22,58.97,130.88,361.71
2021-10-07,137.04,265.44,94.31,164.48,193.74,171.03,157.17,58.16,129.81,353.23
2021-10-08,134.85,264.74,93.99,164.52,192.09,173.09,155.67,58.08,128.69,354.71
2021-10-11,131.24,260.09,92.1,159.46,182.8,172.03,155.94,56.56,126.66,343.85
2021-10-12,130.78,257.62,92.06,158.2,182.94,170.53,155.04,56.99,126.44,351.42
2021-10-13,130.73,262.64,94.01,154.9,187.96,169.69,156.23,57.08,124.93,366.21
2021-10-14,131.21,262.63,93.85,155.5,189.57,169.59,150.09,56.51,123.48,363.93
2021-10-15,128.53,255.65,92.59,153.37,180.15,168.98,148.54,57.62,122.56,359.06
2021-10-18,130.51,262.35,93.87,153.23,190.81,170.96,152.05,57.13,124.95,366.95
2021-10-19,130.97,262.65,93.42,149.79,185.98,170.49,147.83,55.42,124.02,338.06
2021-10-20,132.6,258.74,93.37,151.31,185.72,169.72,151.73,55.92,125.94,339.25
2021-10-21,132.92,263.15,94.0,151.68,192.53,169.6,147.62,55.99,127.01,333.82
2021-10-22,134.35,266.83,93.39,149.54,195.33,169.54,145.03,55.08,128.83,330.84
2021-10-25,133.03,265.08,93.0,148.93,192.07,168.47,143.23,54.28,128.65,314.94
2021-10-26,133.9,269.98,94.34,148.48,193.14,171.12,142.58,55.17,129.16,317.94
2021-10-27,133.45,264.71,93.58,150.07,185.64,170.31,142.2,55.58,129.0,301.51
2021-10-28,132.46,264.09,93.72,148.1,190.04,167.53,140.21,55.0,128.66,295.74
2021-10-29,133.44,266.41,94.49,149.52,191.85,165.92,138.76,55.28,128.74,295.35
2021-11-01,134.63,266.54,94.99,151.83,193.09,164.55,136.88,56.03,130.43,301.91
2021-11-02,135.18,264.23,94.82,156.34,194.13,164.6,138.48,55.48,130.34,294.74
2021-11-03,136.22,267.49,95.61,154.66,197.43,164.09,136.94,55.6,129.45,291.05
2021-11-04,133.56,260.06,93.57,153.54,189.0,163.82,138.15,54.8,129.59,272.14
2021-11-05,136.46,260.65,94.23,154.0,187.58,163.56,138.52,54.77,128.22,285.17
2021-11-08,137.68,269.05,95.4,156.58,198.4,164.96,142.53,55.65,128.52,278.77
2021-11-09,138.62,266.87,94.98,154.64,195.84,164.69,141.85,55.87,129.99,277.32
2021-11-10,137.7,268.28,95.64,156.06,193.85,165.79,143.25,57.25,129.07,269.8
2021-11-11,139.23,263.68,94.91,154.68,187.99,163.57,144.01,57.68,128.92,275.07
2021-11-12,137.09,258.09,93.85,155.16,180.6,161.55,145.91,56.21,127.74,262.72
2021-11-15,140.96,263.89,96.62,156.4,190.06,162.22,144.49,57.07,129.5,280.01
2021-11-16,141.12,261.72,94.52,156.34,191.36,163.27,145.02,57.0,131.48,286.57
2021-11-17,140.31,262.53,93.92,156.89,187.91,162.12,146.4,58.25,131.76,283.09
2021-11-18,135.41,256.39,91.45,152.36,176.57,162.89,145.11,57.83,131.4,263.49
2021-11-19,135.89,260.37,93.62,153.11,179.64,163.85,147.6,59.67,130.3,271.46
2021-11-22,133.69,255.17,92.22,153.91,172.33,164.4,149.62,61.6,130.21,265.78
2021-11-23,131.76,250.14,91.59,149.36,169.27,161.88,146.71,60.24,128.83,264.69
2021-11-24,135.5,253.22,93.19,151.47,176.16,162.0,150.45,62.12,128.77,285.31
2021-11-25,138.73,256.0,94.64,152.3,179.58,160.02,147.55,62.08,130.59,284.11
2021-11-26,137.47,258.79,93.75,146.79,177.83,159.01,142.44,61.0,130.53,269.17
2021-11-29,137.73,260.19,94.0,147.31,179.77,158.32,145.34,62.74,132.07,279.36
2021-11-30,134.57,258.66,93.04,141.68,174.71,157.89,147.67,63.04,130.2,284.97
2021-12-01,134.74,258.31,92.79,138.0,173.61,157.76,146.17,62.78,129.06,286.07
2021-12-02,135.47,259.78,92.08,136.98,179.49,157.25,145.19,62.55,131.34,297.32
2021-12-03,137.22,259.58,92.97,139.57,179.24,156.31,149.04,63.07,133.5,302.87
2021-12-06,138.15,261.96,92.62,140.15,185.8,157.63,149.53,65.06,134.23,314.34
2021-12-07,138.55,264.5,91.86,140.45,190.55,157.86,151.24,66.22,137.23,315.61
2021-12-08,140.39,264.25,91.28,136.62,192.49,157.16,148.72,63.58,136.68,315.28
2021-12-09,142.17,266.47,92.44,136.88,200.92,156.08,147.52,63.02,137.88,316.55
2021-12-10,142.55,267.44,92.19,137.62,199.26,155.0,147.09,61.64,135.18,312.49
2021-12-13,144.92,269.2,92.79,141.18,199.98,153.95,148.61,62.46,136.78,300.84
2021-12-14,141.97,265.72,91.51,141.49,195.27,154.09,147.48,63.81,135.16,299.72
2021-12-15,139.95,264.69,89.85,141.61,193.19,156.45,146.94,64.26,134.33,296.53
2021-12-16,140.26,261.25,88.4,143.02,190.34,155.47,144.13,63.27,134.64,291.24
2021-12-17,135.97,259.61,87.59,135.25,187.2,155.69,143.36,60.88,134.51,279.72
2021-12-20,137.19,266.89,89.28,133.69,193.06,155.43,144.89,60.57,133.76,277.79
2021-12-21,137.0,267.19,87.31,133.4,192.98,154.73,147.07,61.89,132.92,285.72
2021-12-22,139.69,271.04,89.07,135.79,192.86,155.07,147.95,63.97,133.39,289.76
2021-12-23,139.58,273.69,89.27,133.98,193.83,156.32,149.38,64.16,133.51,289.34
2021-12-24,139.25,271.6,88.63,136.78,189.39,155.74,146.53,62.74,133.01,273.38
2021-12-27,143.09,275.81,91.54,141.67,196.15,159.17,150.83,65.54,135.86,292.95
2021-12-28,144.81,279.75,91.86,142.4,204.13,161.67,150.37,66.34,136.96,304.39
2021-12-29,145.68,281.53,92.82,146.45,209.58,162.93,156.01,68.86,137.82,310.54
2021-12-30,143.61,281.53,91.6,142.48,204.8,161.71,156.13,68.34,135.39,304.08
2021-12-31,144.18,281.04,92.58,142.23,208.14,162.18,159.13,67.41,135.91,307.58
2022-01-03,141.2,280.3,90.79,138.65,201.33,162.81,154.6,67.16,136.0,298.57
2022-01-04,142.82,284.57,91.26,142.53,205.66,163.95,154.9,68.6,135.97,304.88
2022-01-05,140.26,284.51,90.82,140.31,201.7,164.72,153.49,68.36,136.43,292.22
2022-01-06,141.13,286.63,91.35,139.59,207.69,164.06,149.62,68.51,135.29,302.85
2022-01-07,144.09,292.42,94.04,146.32,219.66,166.12,156.4,72.54,138.85,321.64
2022-01-10,141.26,287.18,92.78,145.23,211.81,166.23,152.77,71.82,139.39,311.19
2022-01-11,142.83,293.88,94.25,144.37,222.64,168.43,155.54,72.27,140.1,318.7
2022-01-12,145.34,300.47,95.07,147.42,232.82,168.4,153.45,73.29,140.34,339.06
2022-01-13,147.54,304.92,96.89,152.11,242.95,170.23,153.71,77.78,140.16,361.26
2022-01-14,143.98,301.75,95.25,151.72,230.69,171.7,151.88,77.33,140.14,342.84
2022-01-17,144.79,305.31,96.37,151.38,233.97,172.31,150.88,78.56,140.46,349.63
2022-01-18,147.51,308.79,97.7,151.84,240.88,172.91,150.33,78.48,140.31,355.57
2022-01-19,143.79,303.08,94.2,147.91,229.4,173.45,146.02,76.24,138.94,332.21
2022-01-20,146.89,304.05,95.15,150.7,236.67,173.14,142.68,75.92,141.38,339.14
2022-01-21,147.5,301.84,94.15,150.93,230.36,173.84,140.52,75.57,139.12,332.5
2022-01-24,144.97,291.87,92.27,153.97,223.64,174.13,139.42,76.16,140.84,325.32
2022-01-25,142.48,287.28,92.0,152.77,206.78,171.41,137.76,76.84,138.7,311.83
2022-01-26,141.44,280.59,90.3,153.12,201.15,168.93,135.34,79.33,137.3,316.07
2022-01-27,137.11,277.34,87.65,150.85,190.94,169.16,132.22,77.7,136.49,292.19
2022-01-28,137.98,278.06,88.1,152.58,191.52,168.13,131.29,79.33,136.72,290.25
2022-01-31,138.9,280.63,89.15,150.83,192.06,167.15,130.71,79.82,136.72,293.93
2022-02-01,141.86,286.52,90.92,149.66,196.81,167.06,132.79,80.37,136.24,299.93
2022-02-02,141.8,289.01,92.42,149.44,198.59,165.75,136.99,79.51,137.29,295.5
2022-02-03,140.61,284.42,93.13,150.11,194.15,166.3,136.88,79.21,137.07,288.35
2022-02-04,143.27,287.4,93.34,150.63,199.43,165.41,134.8,78.5,139.0,288.13
2022-02-07,146.49,289.96,95.11,151.74,206.5,164.05,136.61,79.16,139.06,299.02
2022-02-08,150.02,294.99,96.55,150.68,214.89,164.4,138.38,77.79,138.47,316.05
2022-02-09,150.86,297.7,96.47,148.4,220.61,165.71,136.34,75.78,138.63,313.92
2022-02-10,149.09,291.93,94.64,144.63,209.98,164.8,134.58,75.26,136.01,305.54
2022-02-11,153.94,297.12,97.73,149.73,222.1,165.95,138.07,77.56,138.25,319.72
2022-02-14,150.11,287.97,94.82,149.07,207.58,166.18,135.83,76.12,136.49,290.4
2022-02-15,150.72,293.67,95.8,144.68,214.43,164.13,132.87,75.08,136.16,287.7
2022-02-16,150.18,295.11,96.47,147.49,221.99,165.98,134.0,76.74,137.41,299.44
2022-02-17,150.67,293.23,95.56,147.38,221.19,164.8,133.72,79.11,135.78,310.25
2022-02-18,150.61,294.53,95.38,146.79,222.59,164.56,130.67,78.36,134.02,312.67
2022-02-21,146.51,292.25,93.92,145.35,210.11,164.11,132.03,77.91,131.46,292.06
2022-02-22,146.45,289.85,94.49,145.64,206.39,162.06,132.7,78.47,130.29,278.6
2022-02-23,147.45,290.71,95.22,151.13,208.91,162.35,131.67,78.84,130.87,277.83
2022-02-24,151.43,297.35,97.49,151.68,218.69,161.72,132.72,80.06,131.3,288.41
2022-02-25,146.6,294.45,95.63,149.71,207.12,163.38,131.7,79.32,128.88,264.61
2022-02-28,149.28,301.79,97.51,149.41,214.1,163.59,130.32,79.16,129.14,274.95
2022-03-01,149.4,297.46,97.2,149.2,214.83,164.7,133.28,78.59,131.99,278.7
2022-03-02,153.21,301.02,98.84,152.15,222.04,166.81,134.46,80.82,133.94,291.97
2022-03-03,154.83,301.8,101.44,147.33,225.18,163.39,133.85,79.7,135.17,290.85
2022-03-04,158.02,302.46,103.81,148.57,228.83,162.71,137.3,81.73,136.34,296.76
2022-03-07,156.41,297.55,100.61,150.22,222.49,162.25,138.35,81.49,135.59,287.58
2022-03-08,153.85,295.43,99.06,147.32,216.1,161.69,137.32,80.25,134.4,277.26
2022-03-09,153.52,295.19,98.35,149.35,216.37,161.5,137.71,80.64,132.69,279.11
2022-03-10,151.26,295.1,97.33,149.69,212.61,162.0,139.86,80.93,131.68,277.05
2022-03-11,152.81,295.59,96.37,148.6,216.16,160.84,138.39,79.79,130.03,276.91
2022-03-14,154.47,291.0,96.46,147.13,215.09,160.51,137.77,78.81,129.6,273.47
2022-03-15,158.58,293.66,99.52,147.98,222.47,158.95,139.86,78.85,129.86,287.09
2022-03-16,157.55,288.48,98.98,145.09,218.11,158.96,138.74,79.25,130.26,283.8
2022-03-17,161.02,289.48,100.02,146.57,223.97,160.3,141.75,80.21,131.1,287.41
2022-03-18,157.95,290.89,97.68,142.22,225.68,160.61,141.91,80.52,132.47,287.97
2022-03-21,159.64,290.96,98.73,142.48,225.61,161.49,144.62,83.1,134.68,301.01
2022-03-22,155.63,291.37,98.12,138.54,224.32,160.08,144.95,80.99,132.74,295.66
2022-03-23,158.27,295.62,99.43,135.05,228.75,160.35,144.47,80.53,132.63,301.88
2022-03-24,158.55,295.27,100.64,130.8,225.76,158.24,144.36,79.79,133.69,309.3
2022-03-25,156.8,293.23,99.86,128.28,223.99,157.4,141.36,78.43,132.11,310.12
2022-03-28,161.47,299.72,102.57,130.89,238.38,159.66,143.52,79.81,134.24,324.12
2022-03-29,164.56,308.7,106.01,129.77,241.96,161.07,144.13,80.65,135.6,326.1
2022-03-30,163.72,308.59,104.57,127.4,240.63,160.42,143.91,83.81,135.66,328.18
2022-03-31,167.37,308.37,104.62,127.71,242.46,159.27,143.01,84.04,137.51,333.03
2022-04-01,166.05,309.91,103.69,123.4,245.96,160.29,140.81,82.48,136.3,337.32
2022-04-04,170.56,317.64,107.29,127.27,258.11,162.87,145.51,86.3,137.0,351.56
2022-04-05,173.38,322.26,108.69,127.9,275.27,162.54,144.3,86.48,139.4,382.54
2022-04-06,175.22,320.61,110.83,129.35,272.27,160.85,146.75,87.3,139.77,392.16
2022-04-07,173.21,322.55,109.94,132.75,275.91,160.99,142.86,88.7,139.3,387.49
2022-04-08,175.33,328.44,112.68,131.35,289.31,160.46,139.46,86.46,139.59,386.78
2022-04-11,175.2,329.46,112.61,130.13,284.57,160.39,135.31,84.76,137.82,374.72
2022-04-12,174.74,332.08,114.29,127.83,294.58,159.31,136.0,85.16,140.64,378.63
2022-04-13,170.16,331.22,111.71,124.64,283.64,158.76,132.85,85.12,139.37,357.73
2022-04-14,172.85,335.56,111.63,127.22,292.19,161.38,133.94,85.14,140.22,371.52
2022-04-15,170.95,331.82,110.18,124.01,282.39,160.69,134.94,85.01,139.56,359.27
2022-04-18,173.91,337.08,111.36,126.91,293.79,160.66,135.4,85.36,143.47,367.77
2022-04-19,174.51,339.49,113.17,127.28,294.37,161.92,136.58,84.38,141.82,378.23
2022-04-20,174.96,338.23,112.92,129.19,292.87,160.29,136.67,86.36,143.31,373.88
2022-04-21,178.46,343.45,116.1,132.27,295.79,163.2,139.64,88.56,142.25,391.3
2022-04-22,181.57,354.05,120.15,134.97,303.41,164.75,141.22,90.39,140.83,401.18
2022-04-25,180.26,350.62,118.62,134.01,299.71,161.19,134.62,88.39,139.91,386.7
2022-04-26,178.39,348.38,117.71,131.6,299.41,160.91,135.02,87.99,142.24,387.6
2022-04-27,177.19,349.72,115.9,130.77,300.79,161.38,133.56,86.47,141.26,382.93
2022-04-28,174.34,352.13,112.75,127.88,300.06,162.33,130.35,87.28,139.25,378.05
2022-04-29,176.09,358.14,112.92,133.82,305.75,162.51,131.82,88.85,139.25,383.06
2022-05-02,172.17,347.23,109.45,134.44,289.01,163.82,133.19,89.15,139.5,370.57
2022-05-03,172.69,346.79,109.33,132.32,279.16,164.64,133.38,88.89,139.42,358.61
2022-05-04,170.2,342.67,109.07,129.06,261.74,162.96,134.69,86.09,136.49,338.83
2022-05-05,177.05,347.13,110.85,132.72,277.6,162.7,132.29,87.01,138.85,368.77
2022-05-06,178.92,352.46,112.0,138.82,284.44,163.58,137.09,87.51,137.51,374.28
2022-05-09,179.02,351.92,112.85,137.11,283.77,162.65,135.41,86.73,138.13,385.56
2022-05-10,180.7,345.66,112.49,138.35,283.53,162.12,137.49,87.37,140.84,387.53
2022-05-11,181.2,349.19,112.63,136.51,284.18,161.26,137.9,85.01,138.66,395.42
2022-05-12,179.33,347.61,110.4,135.43,277.78,159.25,138.43,86.64,138.13,396.87
2022-05-13,184.68,357.07,113.99,138.32,295.08,159.85,139.92,88.49,138.65,418.91
2022-05-16,184.79,361.33,113.56,139.61,303.25,161.7,138.9,86.62,139.69,417.95
2022-05-17,187.73,362.72,115.45,143.72,308.14,162.74,141.34,86.7,141.07,435.73
2022-05-18,187.91,357.94,114.18,139.68,308.08,162.41,139.11,83.4,140.26,428.22
2022-05-19,188.33,358.84,115.69,138.64,302.25,160.7,139.14,82.39,139.12,415.11
2022-05-20,191.29,360.56,116.57,141.58,304.97,161.65,140.67,83.45,138.5,433.69
2022-05-23,197.94,368.86,118.98,144.29,324.79,161.71,141.34,84.82,141.32,465.23
2022-05-24,200.52,370.58,120.46,143.88,332.89,162.98,143.48,84.62,141.8,496.21
2022-05-25,199.58,373.34,120.86,142.62,327.95,163.41,143.96,87.18,140.24,521.53
2022-05-26,200.85,376.38,121.12,143.67,334.93,165.08,142.78,89.27,141.22,542.63
2022-05-27,200.3,372.45,120.43,144.03,323.76,165.71,144.78,88.58,139.82,528.44
2022-05-30,200.49,371.84,120.33,144.65,317.06,164.11,138.85,88.99,139.16,524.67
2022-05-31,197.19,368.02,118.87,141.94,302.52,165.71,141.41,88.43,139.0,503.38
2022-06-01,194.36,371.2,116.77,139.31,302.73,168.23,142.79,86.39,138.78,494.7
2022-06-02,193.81,372.86,115.47,137.65,305.47,169.2,142.5,85.88,138.79,502.99
2022-06-03,194.03,369.49,113.91,134.23,307.85,169.24,141.01,84.19,138.52,517.68
2022-06-06,199.82,374.57,117.56,137.09,317.92,171.64,143.76,85.67,139.88,528.51
2022-06-07,200.81,373.85,116.42,136.03,315.28,172.69,141.14,84.05,140.21,508.77
2022-06-08,198.94,365.72,115.54,135.08,305.26,172.83,139.53,82.74,138.69,487.95
2022-06-09,196.31,360.93,113.65,134.59,294.31,172.87,139.66,81.99,137.3,472.9
2022-06-10,195.83,361.23,114.98,134.92,291.53,171.72,138.53,80.07,137.71,438.92
2022-06-13,197.4,360.18,114.85,133.57,297.67,171.2,139.52,81.49,138.63,446.26
2022-06-14,196.86,357.06,113.75,133.11,293.47,171.35,140.06,81.23,139.15,437.41
2022-06-15,200.93,360.0,116.59,131.93,297.63,170.45,141.37,82.35,137.93,445.79
2022-06-16,196.83,359.87,115.51,127.89,290.91,171.62,140.53,81.2,136.07,427.36
2022-06-17,200.5,370.33,117.23,131.83,303.13,174.18,145.21,83.21,136.66,451.46
2022-06-20,197.28,370.65,116.34,129.19,297.2,172.19,142.87,82.2,134.37,436.63
2022-06-21,198.81,371.88,117.63,128.28,303.78,172.1,146.45,85.72,134.46,458.93
2022-06-22,198.19,373.39,118.9,126.92,305.94,171.8,148.27,87.85,134.06,456.33
2022-06-23,200.55,373.38,119.53,129.56,310.21,171.97,147.68,84.39,135.32,444.66
2022-06-24,205.31,380.74,121.6,133.52,328.49,172.95,151.71,85.41,136.89,471.23
2022-06-27,207.89,386.3,122.88,136.77,337.0,173.28,151.53,88.96,136.62,500.82
2022-06-28,204.47,384.07,121.72,139.06,329.26,172.61,151.06,91.72,135.18,471.16
2022-06-29,204.78,388.13,121.37,140.7,329.14,173.28,152.77,91.11,135.37,474.08
2022-06-30,206.38,387.51,123.31,143.43,321.89,174.55,153.45,91.98,136.37,464.12
2022-07-01,201.43,387.14,122.75,141.23,320.52,174.12,153.47,91.47,135.25,458.7
2022-07-04,197.9,381.87,121.11,144.13,307.9,175.14,155.09,89.59,135.26,439.94
2022-07-05,199.79,384.05,122.37,145.46,304.35,175.64,155.2,89.08,137.87,440.24
2022-07-06,196.46,381.25,122.27,140.85,297.89,174.85,152.01,88.11,138.09,440.73
2022-07-07,195.84,389.93,121.21,140.44,298.95,176.21,150.6,89.33,137.56,432.12
2022-07-08,193.72,394.61,121.54,135.51,302.24,175.77,150.18,89.81,138.24,428.04
2022-07-11,193.75,392.68,121.86,135.24,300.56,175.06,149.92,91.99,140.99,433.0
2022-07-12,193.57,386.53,120.19,134.9,291.69,173.47,151.67,92.03,141.12,420.55
2022-07-13,197.17,390.52,121.45,132.8,297.32,172.37,154.82,95.02,140.19,435.21
2022-07-14,196.47,386.65,120.87,131.97,294.22,173.16,152.59,95.67,139.37,454.56
2022-07-15,201.47,392.74,122.44,131.23,307.56,173.18,154.78,99.49,139.61,479.53
2022-07-18,202.18,398.16,122.47,131.17,319.53,171.67,154.55,99.01,140.08,491.78
2022-07-19,202.98,395.41,121.85,134.59,320.36,173.14,155.76,101.1,140.46,493.05
2022-07-20,205.46,403.07,122.79,133.89,328.85,175.88,158.14,99.88,140.82,500.49
2022-07-21,201.97,398.29,120.68,131.66,318.52,177.28,156.75,99.11,140.21,483.08
2022-07-22,202.33,399.13,120.98,129.96,318.06,178.0,156.55,99.03,140.32,488.98
2022-07-25,204.17,400.94,120.92,127.87,325.46,178.69,157.67,100.09,140.78,502.26
2022-07-26,201.29,393.17,120.1,126.2,319.88,177.38,155.48,97.13,139.66,500.37
2022-07-27,198.14,397.33,118.78,126.04,320.31,177.91,152.4,96.93,137.74,476.3
2022-07-28,198.62,395.63,120.34,128.82,328.22,177.24,153.88,93.7,137.9,472.99
2022-07-29,199.2,396.35,120.68,123.45,328.67,176.69,155.9,93.44,137.57,492.53
2022-08-01,192.34,385.55,116.17,120.67,301.13,177.4,153.31,92.6,136.35,467.19
2022-08-02,187.11,379.19,114.61,118.74,286.11,175.89,151.37,90.64,134.79,450.98
2022-08-03,185.54,375.44,113.98,117.96,275.74,175.29,150.68,91.62,133.09,451.05
2022-08-04,185.38,371.32,112.15,121.51,272.58,177.01,147.27,95.49,134.67,451.92
2022-08-05,184.63,373.11,112.74,121.64,273.59,178.11,144.64,94.64,132.58,454.84
2022-08-08,182.86,365.27,110.36,121.24,264.5,175.67,139.26,93.27,131.48,434.61
2022-08-09,182.53,366.47,111.16,121.54,264.1,175.91,139.27,91.13,132.38,430.68
2022-08-10,188.21,382.38,114.11,122.54,293.38,177.56,141.38,90.43,134.05,478.88
2022-08-11,192.02,385.26,115.38,121.73,295.27,174.63,140.37,92.35,134.5,501.2
2022-08-12,195.28,387.58,116.04,121.41,292.54,174.49,134.74,92.22,134.34,502.08
2022-08-15,198.54,392.68,119.35,124.26,297.47,174.9,132.54,91.33,133.94,507.16
2022-08-16,196.42,385.36,115.85,121.95,296.87,174.3,132.19,89.17,132.61,493.7
2022-08-17,196.25,377.87,113.84,120.73,283.96,170.32,130.23,88.31,132.91,463.72
2022-08-18,198.64,386.68,116.02,120.26,294.18,170.13,129.48,89.5,132.83,488.54
2022-08-19,197.43,383.99,114.73,117.54,293.33,172.28,128.63,87.68,132.11,482.85
2022-08-22,202.54,387.86,116.32,116.91,302.11,171.94,126.77,86.08,134.35,490.66
2022-08-23,202.97,388.92,117.91,115.37,301.09,171.31,124.19,84.06,134.91,487.12
2022-08-24,205.99,390.58,118.64,113.0,308.37,172.09,126.11,86.01,136.15,528.77
2022-08-25,205.49,383.44,118.33,109.94,300.9,171.71,126.17,87.9,133.87,541.53
2022-08-26,205.67,378.8,116.64,108.38,291.4,170.64,123.74,87.33,134.26,533.9
2022-08-29,204.52,378.57,117.21,108.99,298.58,172.18,127.78,84.89,134.89,531.73
2022-08-30,204.26,375.42,117.06,105.89,295.97,169.97,125.77,84.15,134.57,539.6
2022-08-31,201.41,371.81,116.48,105.81,292.14,171.25,125.52,83.13,134.99,526.64
2022-09-01,204.98,377.58,117.81,107.35,297.03,173.25,124.24,85.18,135.82,539.45
2022-09-02,207.48,382.6,120.59,110.73,306.65,173.2,124.92,86.21,137.51,543.46
2022-09-05,206.44,388.36,120.93,109.01,314.09,173.57,122.63,87.13,136.42,554.13
2022-09-06,206.35,389.24,118.87,107.88,319.64,175.31,120.33,87.78,136.1,562.83
2022-09-07,205.47,388.68,119.47,108.27,317.91,176.69,119.88,87.66,137.08,562.72
2022-09-08,204.15,381.52,118.35,105.32,307.72,176.73,120.17,83.97,136.9,540.33
2022-09-09,200.38,378.23,116.2,103.17,301.13,175.39,118.95,82.46,135.57,531.99
2022-09-12,203.85,376.32,117.75,107.01,310.83,176.44,118.61,83.78,135.91,550.1
2022-09-13,205.16,375.07,116.88,108.09,319.84,178.25,119.97,85.47,137.9,577.01
2022-09-14,208.09,373.69,117.79,109.07,321.75,177.32,120.94,84.67,137.78,574.34
2022-09-15,210.95,377.12,118.71,109.2,327.76,179.74,119.8,85.52,138.87,580.66
2022-09-16,215.81,384.91,120.8,107.21,340.24,179.62,118.32,83.75,140.14,572.25
2022-09-19,216.97,385.68,121.74,107.16,343.5,178.51,118.29,84.38,140.41,582.66
2022-09-20,214.08,380.24,119.5,105.75,341.43,177.37,115.22,83.88,141.83,559.49
2022-09-21,220.69,389.57,123.87,110.5,364.71,178.86,119.7,86.58,144.78,610.16
2022-09-22,217.21,388.64,122.45,109.55,360.73,179.05,121.81,85.12,142.37,578.32
2022-09-23,220.88,390.11,123.92,110.57,361.44,180.23,122.48,85.22,143.06,592.25
2022-09-26,217.83,389.99,124.39,107.32,358.45,179.17,123.43,83.13,144.1,560.15
2022-09-27,217.16,390.97,123.61,105.45,359.16,179.04,122.81,83.83,143.52,568.85
2022-09-28,215.63,386.09,122.14,104.18,349.58,179.88,121.95,82.34,143.27,555.92
2022-09-29,211.92,380.75,119.88,102.76,343.59,179.48,123.01,82.04,145.19,539.5
2022-09-30,209.59,380.14,120.38,100.0,338.53,177.94,122.87,81.39,145.86,527.59
2022-10-03,214.12,384.44,123.34,101.9,357.03,176.43,121.79,83.99,145.99,553.22
2022-10-04,211.43,385.67,121.39,100.78,353.93,178.12,120.45,84.28,144.26,572.38
2022-10-05,210.79,385.06,122.73,99.96,361.0,177.23,121.97,83.49,142.77,586.26
2022-10-06,212.97,382.85,122.8,102.66,365.21,176.95,121.19,86.38,141.96,605.22
2022-10-07,208.43,382.46,121.26,101.48,374.82,176.39,123.5,86.1,141.84,639.47
2022-10-10,208.05,377.05,120.64,101.28,370.11,175.49,126.86,87.16,140.91,648.75
2022-10-11,205.67,373.44,118.47,103.95,361.3,177.06,126.34,86.19,141.14,627.31
2022-10-12,207.54,366.33,116.86,106.2,351.28,176.86,123.54,86.79,142.68,624.53
2022-10-13,210.93,376.01,118.14,105.44,369.97,179.21,123.22,86.11,142.62,631.06
2022-10-14,207.04,367.1,115.4,104.8,357.96,177.66,120.95,85.27,140.44,622.14
2022-10-17,211.23,369.8,116.68,108.24,366.12,179.29,122.03,88.52,142.15,654.28
2022-10-18,213.17,370.14,116.87,110.18,370.01,178.03,125.05,91.04,142.88,666.63
2022-10-19,213.94,373.0,115.56,113.78,371.52,179.41,125.2,95.25,143.41,697.42
2022-10-20,215.39,371.28,115.87,114.16,365.19,179.57,125.41,96.14,143.66,688.49
2022-10-21,218.04,372.11,113.85,114.61,365.87,180.26,127.82,100.12,144.43,703.04
2022-10-24,220.11,373.19,114.95,114.15,370.18,178.89,129.87,99.58,145.45,693.0
2022-10-25,222.86,372.83,115.93,117.13,372.59,177.83,131.16,99.28,145.47,696.4
2022-10-26,227.63,378.24,118.06,120.07,385.08,179.61,134.82,100.59,142.67,721.02
2022-10-27,231.97,382.93,119.61,123.7,395.91,177.74,132.33,101.89,143.07,749.67
2022-10-28,229.55,379.29,117.55,121.69,377.64,176.57,130.72,100.89,144.64,735.2
2022-10-31,227.09,369.34,115.37,121.88,359.35,174.48,132.12,100.34,145.08,693.57
2022-11-01,227.03,368.19,114.55,124.06,351.63,175.27,131.57,101.51,144.63,694.16
2022-11-02,223.96,369.16,113.78,120.23,352.01,174.61,127.65,100.39,145.04,699.18
2022-11-03,222.82,368.56,113.41,122.81,347.24,174.62,126.43,98.64,145.03,691.88
2022-11-04,222.29,364.96,112.92,123.98,342.47,176.37,125.58,98.08,145.54,687.93
2022-11-07,222.58,360.88,114.59,124.34,338.89,176.53,125.57,97.81,144.67,694.18
2022-11-08,221.79,361.09,113.41,122.1,330.85,175.22,119.96,95.79,143.03,669.72
2022-11-09,222.07,365.94,116.58,124.96,335.18,175.62,123.47,95.05,142.48,663.19
2022-11-10,224.17,370.52,117.11,124.55,343.98,174.89,125.31,96.61,143.13,687.67
2022-11-11,222.73,366.83,115.76,125.06,339.95,174.16,125.93,96.48,142.37,683.21
2022-11-14,219.48,357.52,113.5,122.84,325.09,171.49,126.14,94.56,141.23,660.19
2022-11-15,215.09,348.0,111.23,120.74,306.55,170.98,123.63,92.67,139.23,630.87
2022-11-16,219.6,346.54,112.4,124.26,307.92,169.56,124.63,94.95,141.05,646.6
2022-11-17,220.06,344.1,112.96,126.41,301.38,170.04,126.5,97.03,141.04,636.78
2022-11-18,218.53,339.3,111.76,125.48,304.45,170.58,127.88,97.43,141.28,647.08
2022-11-21,218.05,339.54,112.0,125.38,303.0,169.83,125.38,98.87,143.53,654.8
2022-11-22,214.07,338.15,111.57,123.32,299.91,168.97,127.69,99.48,141.89,660.11
2022-11-23,217.65,342.61,113.69,124.51,302.69,169.19,129.64,100.33,143.03,663.53
2022-11-24,216.71,344.51,113.88,123.29,308.16,168.4,128.12,95.61,142.08,662.82
2022-11-25,210.15,334.65,110.9,116.86,288.36,167.77,129.82,94.41,139.77,628.42
2022-11-28,210.74,336.28,112.99,119.33,291.69,167.93,136.95,97.49,139.47,646.14
2022-11-29,208.09,325.91,110.92,122.31,273.52,167.47,135.1,98.01,138.87,599.31
2022-11-30,205.15,320.4,110.4,124.3,265.37,168.96,135.69,97.75,138.75,585.97
2022-12-01,203.56,318.93,110.39,124.16,262.92,169.5,137.34,97.91,138.08,585.76
2022-12-02,198.83,313.52,105.97,118.53,245.96,169.52,134.43,94.16,137.32,554.86
2022-12-05,200.48,314.74,106.83,120.97,247.24,170.08,134.84,92.6,138.6,566.92
2022-12-06,197.97,315.18,105.41,119.98,251.15,169.66,133.93,89.83,137.77,538.14
2022-12-07,199.38,319.31,106.23,120.89,255.08,171.31,135.16,87.9,139.05,530.0
2022-12-08,195.7,314.2,102.77,116.72,247.0,170.49,133.17,86.52,137.69,514.6
2022-12-09,194.53,308.16,100.9,118.02,246.71,170.99,135.47,86.95,140.56,534.27
2022-12-12,189.61,303.79,98.9,115.39,240.14,170.39,132.85,85.71,141.1,514.51
2022-12-13,191.53,305.07,100.0,113.94,240.46,169.81,130.64,83.95,141.19,511.64
2022-12-14,194.0,305.94,100.87,113.64,245.42,171.15,132.26,85.54,142.03,541.57
2022-12-15,194.34,303.35,100.78,112.09,251.23,169.92,132.83,84.97,141.18,538.04
2022-12-16,196.67,310.45,101.87,109.53,257.77,168.91,131.24,85.45,140.88,541.9
2022-12-19,198.55,314.51,102.7,110.25,265.39,170.08,132.1,87.98,142.2,558.64
2022-12-20,197.34,311.66,102.45,108.92,259.58,170.81,132.55,89.23,142.9,546.3
2022-12-21,197.15,314.57,101.79,109.22,262.25,169.14,131.78,88.4,141.37,540.39
2022-12-22,191.59,306.82,101.15,109.13,247.39,170.28,130.7,86.97,138.9,514.53
2022-12-23,195.71,308.21,100.84,112.19,258.52,168.32,130.69,88.06,139.4,520.2
2022-12-26,198.79,312.01,102.47,112.13,261.41,165.29,129.89,90.14,138.23,517.07
2022-12-27,200.22,315.47,102.88,111.76,266.79,165.4,131.75,94.19,136.76,556.98
2022-12-28,200.66,320.31,104.3,112.01,275.08,165.57,131.22,95.68,135.9,579.0
2022-12-29,200.87,313.46,102.87,112.84,267.02,161.57,131.57,95.78,136.38,559.46
2022-12-30,202.61,321.0,103.82,116.17,278.7,162.19,136.66,98.97,137.99,576.85
2023-01-02,200.31,319.22,104.23,115.12,274.66,163.69,137.07,99.45,138.62,571.08
2023-01-03,201.37,322.49,104.65,116.86,277.14,163.6,134.52,98.95,137.62,562.25
2023-01-04,203.36,319.28,103.08,115.87,276.94,163.21,131.73,99.67,137.46,576.69
2023-01-05,202.37,315.68,101.77,116.89,274.34,164.33,132.29,97.41,140.19,563.89
2023-01-06,204.07,316.35,103.26,115.69,278.37,161.27,133.08,95.63,140.4,577.55
2023-01-09,206.75,322.97,105.92,115.71,289.84,159.69,132.55,98.0,140.06,581.39
2023-01-10,213.27,331.5,109.68,116.12,305.46,160.5,132.92,98.34,139.08,611.32
2023-01-11,216.56,332.52,112.49,114.99,307.55,159.07,133.28,100.11,137.93,626.64
2023-01-12,218.84,335.22,113.7,113.93,311.54,160.33,131.11,98.45,135.94,640.91
2023-01-13,223.07,338.94,114.52,113.21,317.29,159.91,132.54,97.84,136.88,648.41
2023-01-16,220.7,335.61,113.64,114.29,311.05,158.46,133.79,96.94,136.86,627.12
2023-01-17,220.3,333.74,113.8,107.84,311.28,155.64,132.77,95.38,137.73,632.24
2023-01-18,217.69,326.13,111.57,103.78,296.53,153.61,129.27,93.22,136.52,603.85
2023-01-19,209.98,314.65,108.18,103.16,270.99,151.7,129.34,91.56,134.91,566.64
2023-01-20,208.96,312.21,107.37,106.05,270.64,152.21,128.72,92.85,136.04,552.14
2023-01-23,211.27,314.1,108.32,105.23,272.31,150.82,126.51,92.85,135.49,542.6
2023-01-24,218.47,317.67,111.89,105.16,282.98,150.19,126.52,93.08,136.34,561.24
2023-01-25,215.78,310.43,110.25,102.48,272.52,149.54,125.74,90.71,136.85,537.49
2023-01-26,211.6,305.73,108.83,100.3,267.4,147.91,123.43,87.96,136.87,514.86
2023-01-27,208.61,301.83,104.7,100.14,260.63,145.13,117.99,86.28,134.87,495.97
2023-01-30,210.06,304.35,103.27,99.14,261.14,144.18,115.86,84.48,135.01,493.22
2023-01-31,212.36,306.21,105.87,102.09,265.32,144.22,119.72,87.4,133.98,522.08
2023-02-01,211.99,303.41,103.64,101.22,261.86,145.6,120.52,86.51,134.8,525.89
2023-02-02,212.39,302.15,103.1,101.93,262.71,145.28,115.94,83.97,135.48,491.99
2023-02-03,216.36,309.02,105.23,103.98,275.44,146.16,115.07,85.97,137.78,499.99
2023-02-06,211.92,304.54,102.82,102.81,272.03,143.3,115.58,85.12,137.98,490.25
2023-02-07,214.42,307.16,104.12,104.08,274.5,141.72,113.73,85.09,136.97,482.58
2023-02-08,220.46,315.51,106.77,106.86,287.0,142.96,116.04,86.23,137.14,515.14
2023-02-09,222.65,310.78,106.05,106.24,280.67,143.01,115.55,83.83,136.93,511.5
2023-02-10,222.05,308.39,105.8,109.06,280.66,144.81,115.62,84.33,137.43,512.47
2023-02-13,223.67,307.2,106.59,106.89,274.24,146.36,115.4,84.63,139.16,492.09
2023-02-14,227.65,312.82,109.95,106.23,288.74,145.66,118.2,85.19,140.63,516.91
2023-02-15,221.54,298.22,106.2,104.43,269.79,143.62,119.3,84.39,139.64,497.03
2023-02-16,220.24,297.43,104.67,103.78,265.96,142.32,121.28,83.38,139.43,478.44
2023-02-17,221.36,294.84,105.26,107.95,262.22,144.07,122.19,86.33,142.57,477.63
2023-02-20,216.46,293.33,103.9,107.31,255.93,143.2,123.41,86.98,140.12,472.9
2023-02-21,218.19,294.02,105.84,107.12,257.05,143.83,124.76,85.32,140.35,469.3
2023-02-22,221.17,297.17,107.21,106.16,261.02,144.84,124.16,85.12,139.47,470.18
2023-02-23,221.02,297.63,108.98,105.72,261.03,143.3,125.61,85.82,140.81,478.85
2023-02-24,222.33,297.51,109.49,105.99,265.56,144.15,125.68,83.91,142.86,483.25
2023-02-27,221.39,298.35,109.42,107.98,259.06,144.31,128.85,86.0,144.67,463.59
2023-02-28,225.14,304.72,109.96,108.07,267.68,143.14,127.77,87.53,144.57,479.2
2023-03-01,226.13,305.65,109.73,109.37,263.53,143.48,130.31,87.98,143.73,481.61
2023-03-02,226.83,308.58,110.4,105.28,270.15,145.24,133.06,83.03,144.4,477.88
2023-03-03,223.28,305.87,108.86,105.1,265.19,143.94,130.94,81.65,141.75,450.76
2023-03-06,222.7,309.7,108.81,103.37,263.44,144.16,132.84,84.6,141.7,459.59
2023-03-07,221.01,307.13,108.49,102.53,258.84,143.73,131.5,83.93,138.92,458.7
2023-03-08,229.15,312.9,111.93,106.4,276.51,144.3,130.29,85.11,140.61,482.99
2023-03-09,228.83,313.14,112.19,106.92,275.85,144.88,130.28,86.15,139.88,486.44
2023-03-10,223.41,307.26,110.27,103.77,263.82,141.22,125.48,82.81,138.37,455.06
2023-03-13,223.35,306.16,109.73,104.94,263.93,141.01,127.57,86.02,137.41,472.19
2023-03-14,234.17,316.74,114.45,107.87,285.14,142.85,128.09,87.26,136.45,512.17
2023-03-15,231.13,315.18,111.84,105.73,284.67,141.85,122.97,86.13,135.41,500.97
2023-03-16,228.73,319.19,110.39,109.48,287.07,143.69,122.53,86.69,134.67,497.76
2023-03-17,224.04,316.1,106.73,108.08,283.59,142.19,121.34,86.26,136.17,474.17
2023-03-20,233.92,317.79,109.27,108.09,300.35,141.28,121.36,86.61,137.85,504.49
2023-03-21,229.66,314.6,107.99,108.18,302.22,138.94,120.12,87.82,137.54,481.54
2023-03-22,225.36,311.82,106.68,108.16,292.57,139.23,118.35,87.79,136.85,457.42
2023-03-23,230.87,311.68,107.96,108.4,304.56,139.47,117.74,87.08,140.22,465.91
2023-03-24,224.93,307.37,106.01,107.91,298.06,141.28,115.09,84.65,140.45,436.32
2023-03-27,220.16,308.73,103.57,105.35,294.81,142.9,111.44,84.19,138.69,432.51
2023-03-28,217.29,310.9,102.37,100.03,289.52,142.01,111.63,81.73,136.13,429.32
2023-03-29,212.95,306.38,100.43,99.15,277.97,140.63,110.92,80.17,133.73,418.01
2023-03-30,214.66,313.41,102.53,97.54,286.47,139.83,108.81,79.23,134.37,422.01
2023-03-31,210.32,307.9,100.45,93.73,278.72,138.43,105.13,75.57,134.61,396.97
2023-04-03,214.27,316.56,103.59,93.99,280.53,139.42,109.78,77.13,132.3,404.82
2023-04-04,213.8,312.85,100.79,93.34,272.9,140.93,108.97,77.33,132.41,401.51
2023-04-05,208.65,304.9,99.17,92.59,259.38,140.69,109.23,79.21,131.96,385.28
2023-04-06,208.41,306.57,100.14,90.22,260.87,139.31,108.11,79.5,132.25,382.72
2023-04-07,208.04,304.72,102.13,91.11,255.92,140.57,111.9,82.58,134.53,392.92
2023-04-10,207.07,303.28,101.4,90.21,258.15,140.3,112.92,83.35,133.61,388.63
2023-04-11,203.36,298.56,99.79,88.34,252.76,139.02,112.12,82.59,135.02,370.76
2023-04-12,210.39,303.61,101.33,89.66,276.12,140.44,114.01,84.47,136.47,411.86
2023-04-13,210.52,309.21,102.09,88.94,277.1,141.1,114.9,83.45,136.51,408.36
2023-04-14,213.9,316.24,104.09,88.18,283.2,143.39,116.57,86.35,137.41,434.77
2023-04-17,217.09,315.64,105.11,87.35,283.31,143.47,115.16,86.41,135.92,453.33
2023-04-18,215.05,310.68,102.61,85.87,268.31,142.09,115.05,85.64,133.88,437.22
2023-04-19,215.63,317.29,104.38,86.39,279.38,142.84,116.12,88.71,132.38,467.64
2023-04-20,215.4,316.27,103.69,86.48,278.02,142.34,114.51,85.84,131.44,450.3
2023-04-21,216.02,323.06,104.3,84.9,281.78,142.9,115.55,87.17,132.1,465.72
2023-04-24,215.24,328.89,104.6,84.62,292.58,144.3,112.62,86.89,133.1,458.9
2023-04-25,217.83,332.83,106.86,84.43,302.98,144.6,116.47,91.66,135.54,494.77
2023-04-26,225.74,342.8,109.61,86.0,324.41,146.49,116.27,91.09,136.5,526.8
2023-04-27,228.15,345.77,109.92,88.89,326.03,148.94,118.72,94.71,136.8,540.33
2023-04-28,228.48,344.6,110.03,91.38,320.11,148.65,117.82,95.18,136.52,535.23
2023-05-01,228.73,345.97,110.64,91.85,325.39,148.77,120.96,99.99,137.85,561.02
2023-05-02,231.04,344.65,111.22,91.44,327.98,147.46,120.04,96.63,136.67,560.72
2023-05-03,228.16,345.49,109.7,91.14,322.86,148.25,117.16,95.52,135.12,552.57
2023-05-04,229.9,343.18,109.64,90.48,325.87,149.14,114.96,95.75,134.71,563.42
2023-05-05,230.15,349.64,109.7,91.42,328.09,148.76,114.92,96.78,131.33,576.74
2023-05-08,222.96,342.07,107.89,93.25,313.4,147.29,116.5,98.76,130.09,546.73
2023-05-09,220.69,338.75,107.08,91.9,305.44,147.47,113.82,96.98,127.7,534.43
2023-05-10,214.44,335.43,103.8,87.41,293.46,148.53,113.4,92.77,125.27,505.76
2023-05-11,221.95,340.06,105.63,91.43,306.83,150.74,113.95,94.18,128.21,525.99
2023-05-12,225.89,345.39,106.49,92.15,320.51,152.09,114.53,92.14,127.17,525.55
2023-05-15,224.29,342.63,104.42,93.06,310.87,150.63,113.37,93.63,129.03,513.02
2023-05-16,229.85,344.19,107.93,92.12,313.98,150.53,112.13,91.56,127.9,518.98
2023-05-17,234.98,349.36,109.56,88.96,324.06,150.78,109.53,90.12,128.3,545.53
2023-05-18,232.56,344.17,107.8,90.28,322.18,150.78,110.68,87.29,129.44,516.4
2023-05-19,239.0,346.88,109.06,92.57,334.54,150.68,111.72,88.91,131.12,535.28
2023-05-22,240.98,353.66,109.39,91.39,343.31,149.86,108.47,89.85,128.61,544.8
2023-05-23,243.91,357.5,110.29,90.32,351.2,148.66,108.53,89.98,128.94,549.63
2023-05-24,251.68,366.29,113.17,92.35,364.71,149.09,113.4,91.16,129.81,569.09
2023-05-25,247.9,364.28,111.97,92.85,363.94,150.39,112.2,91.91,130.52,554.17
2023-05-26,246.86,358.29,111.48,93.89,364.23,149.79,112.83,93.32,130.2,553.04
2023-05-29,244.32,354.78,109.57,92.14,361.68,149.12,112.12,91.73,129.42,548.68
2023-05-30,244.93,358.17,111.34,91.4,370.48,147.96,115.72,91.4,130.22,545.94
2023-05-31,244.51,363.29,111.18,94.35,378.07,150.55,117.58,93.86,129.27,553.08
2023-06-01,249.12,366.64,112.91,93.08,382.35,151.49,116.16,94.32,129.65,565.62
2023-06-02,248.22,364.14,111.96,94.27,376.82,153.76,117.21,94.04,130.97,563.87
2023-06-05,242.23,354.9,109.08,90.58,369.84,153.24,115.59,91.53,129.99,533.98
2023-06-06,236.11,355.62,109.01,88.45,369.14,153.82,116.89,89.35,127.28,536.16
2023-06-07,229.29,348.47,105.96,86.19,354.94,152.2,115.64,88.37,128.62,496.8
2023-06-08,229.53,350.28,106.03,84.29,362.82,152.29,113.38,87.97,130.49,502.08
2023-06-09,229.66,355.89,105.96,86.42,376.48,152.58,112.66,88.21,128.96,510.61
2023-06-12,226.76,354.07,103.87,86.81,375.91,152.04,112.26,88.43,130.6,491.78
2023-06-13,226.37,351.59,103.47,87.54,369.35,151.55,113.59,90.77,131.17,490.91
2023-06-14,225.71,352.9,103.65,85.04,371.94,150.05,110.66,87.15,130.31,471.38
2023-06-15,218.04,343.91,100.11,83.02,349.52,151.3,110.36,85.54,129.33,456.63
2023-06-16,221.35,342.74,99.99,82.67,348.56,150.09,109.68,86.18,130.61,457.85
2023-06-19,216.08,334.09,97.12,79.83,337.7,147.41,108.29,82.41,130.58,432.09
2023-06-20,221.21,335.65,98.13,80.48,343.63,146.94,107.92,82.11,128.99,451.46
2023-06-21,231.13,346.53,101.03,81.03,369.21,148.01,108.62,83.88,128.22,500.45
2023-06-22,232.1,344.24,99.79,81.25,375.04,147.58,106.59,83.6,130.77,505.35
2023-06-23,234.14,350.46,101.45,80.61,374.68,146.82,105.26,84.41,131.0,505.29
2023-06-26,229.83,352.39,100.3,80.28,373.3,147.62,105.97,83.91,131.99,478.51
2023-06-27,226.39,353.44,100.06,82.91,373.59,150.79,104.78,82.81,132.92,448.7
2023-06-28,225.85,357.02,100.77,82.78,374.97,151.43,106.16,82.54,133.1,455.17
2023-06-29,225.23,356.72,100.96,83.46,379.34,150.46,105.38,81.93,132.15,439.12
2023-06-30,214.54,349.7,96.17,82.79,364.28,150.15,104.44,82.07,130.09,416.26
2023-07-03,211.51,348.78,94.74,81.77,358.93,150.24,106.2,82.01,131.11,411.9
2023-07-04,216.22,352.79,96.93,82.92,353.1,149.21,107.69,83.63,129.5,416.5
2023-07-05,218.0,354.68,98.17,84.27,357.58,149.01,109.95,85.23,128.4,428.76
2023-07-06,214.37,347.64,95.88,83.45,347.44,147.9,108.04,83.63,129.12,390.26
2023-07-07,213.5,352.06,96.59,84.93,342.33,147.44,109.28,86.88,127.37,386.89
2023-07-10,214.93,348.75,96.94,81.82,340.43,144.88,107.45,86.06,127.55,388.86
2023-07-11,218.23,346.59,97.65,81.69,345.36,145.05,108.78,88.25,129.61,404.55
2023-07-12,218.36,348.86,98.06,82.63,337.44,147.66,110.05,86.97,128.35,380.06
2023-07-13,214.92,344.88,97.89,82.65,331.14,146.15,108.58,85.45,126.93,364.43
2023-07-14,214.15,343.05,96.92,82.57,326.86,144.24,107.56,85.06,125.01,354.75
2023-07-17,216.22,341.53,96.26,82.5,329.88,145.97,108.62,86.61,126.25,362.39
2023-07-18,218.49,343.69,97.38,81.81,336.15,145.66,109.2,86.48,126.2,373.54
2023-07-19,217.28,337.31,94.81,81.61,325.56,143.15,107.26,85.64,125.47,362.22
2023-07-20,221.78,346.26,97.11,82.42,340.83,144.34,108.21,86.85,124.43,380.97
2023-07-21,223.52,346.49,97.47,81.34,335.68,144.11,106.95,83.95,122.92,366.07
2023-07-24,226.29,350.01,97.87,81.0,348.48,145.3,105.63,85.21,123.55,388.04
2023-07-25,225.87,353.74,97.29,80.28,358.4,142.99,104.4,84.52,124.19,394.3
2023-07-26,228.51,357.39,98.39,80.37,366.28,144.82,104.16,84.14,124.52,409.76
2023-07-27,229.42,361.87,99.98,81.43,367.39,147.35,107.92,85.74,123.29,407.68
2023-07-28,230.44,360.57,98.67,79.34,362.86,146.82,108.75,85.96,122.96,413.8
2023-07-31,231.59,364.47,99.37,80.87,374.02,147.73,109.39,88.07,122.81,416.08
2023-08-01,226.49,356.54,97.71,79.41,360.14,146.27,107.55,85.44,121.91,393.86
2023-08-02,228.04,359.25,98.24,77.73,369.39,145.87,107.43,87.11,123.09,411.97
2023-08-03,228.17,359.45,98.47,78.31,379.59,148.91,109.1,84.77,122.88,431.55
2023-08-04,230.8,363.77,99.48,77.27,396.33,147.94,110.05,83.13,123.1,450.38
2023-08-07,230.07,361.83,99.07,75.48,383.12,148.01,108.98,83.23,123.62,451.31
2023-08-08,224.63,353.92,97.22,75.21,380.58,146.51,109.76,83.37,121.97,444.53
2023-08-09,225.66,349.26,95.26,73.1,375.54,144.8,106.82,81.08,120.52,435.76
2023-08-10,219.67,347.25,94.89,69.37,362.19,143.34,105.69,80.85,118.58,423.8
2023-08-11,229.93,357.5,100.0,72.16,383.4,143.55,108.16,81.26,118.72,443.73
2023-08-14,231.09,365.21,100.82,72.71,385.32,145.68,106.62,82.71,118.44,445.24
2023-08-15,230.18,359.81,98.92,73.45,378.43,145.14,106.38,82.85,117.89,459.35
2023-08-16,232.91,363.16,99.55,75.05,381.82,144.82,109.18,84.33,117.55,466.63
2023-08-17,236.06,368.7,101.76,74.22,396.44,144.64,110.03,86.02,118.56,491.83
2023-08-18,229.22,361.63,98.61,73.65,386.44,144.04,107.65,87.15,117.58,470.33
2023-08-21,226.49,356.99,96.7,74.05,366.34,142.94,106.5,87.32,118.53,456.69
2023-08-22,221.21,345.17,94.04,72.35,340.36,141.55,105.18,84.78,116.95,421.08
2023-08-23,219.97,345.82,92.99,71.15,337.25,141.42,104.83,87.19,117.31,429.32
2023-08-24,219.22,341.88,91.94,70.18,333.37,138.98,104.26,86.36,117.85,416.22
2023-08-25,216.38,337.75,90.46,70.52,330.36,141.0,103.73,81.85,117.53,400.71
2023-08-28,218.86,341.39,91.09,72.93,333.19,141.68,102.95,82.82,119.37,397.23
2023-08-29,218.55,335.6,90.11,74.34,325.99,141.15,104.17,82.89,120.93,379.85
2023-08-30,220.93,343.54,92.34,72.59,332.78,140.96,106.26,81.57,119.58,374.93
2023-08-31,218.32,336.87,92.12,71.63,325.72,140.06,106.01,80.02,120.0,366.59
2023-09-01,218.77,335.49,91.72,72.39,326.12,140.27,104.9,82.41,119.86,373.47
2023-09-04,218.28,341.52,92.1,71.65,332.7,140.05,105.03,85.75,120.03,386.83
2023-09-05,216.05,345.02,93.44,72.35,338.51,140.52,106.79,85.55,118.72,377.19
2023-09-06,217.53,342.06,93.05,72.6,341.5,139.55,107.91,86.92,118.28,395.47
2023-09-07,216.73,339.69,92.35,72.43,335.85,138.41,106.09,86.57,117.82,391.13
2023-09-08,217.03,340.36,92.94,74.27,345.44,140.47,108.75,90.69,119.19,413.53
2023-09-11,224.65,339.15,94.41,77.59,357.97,143.49,110.87,91.41,120.76,439.18
2023-09-12,230.36,350.39,97.07,78.95,374.72,144.11,113.89,95.68,120.71,470.13
2023-09-13,229.65,352.74,96.87,76.22,380.71,143.33,112.75,95.25,120.83,479.67
2023-09-14,224.2,349.22,93.68,75.74,377.11,141.93,111.32,96.35,120.17,476.9
2023-09-15,215.08,343.61,90.9,73.47,365.27,143.38,111.31,97.77,117.96,476.49
2023-09-18,214.78,340.78,89.08,73.92,366.48,144.87,112.69,97.06,119.93,487.42
2023-09-19,214.07,340.24,88.17,75.44,358.13,146.0,111.91,96.0,117.95,471.5
2023-09-20,210.14,336.43,88.08,75.1,360.01,144.65,109.81,93.54,117.52,482.76
2023-09-21,205.05,333.17,86.01,73.57,343.65,145.3,108.85,94.41,116.85,450.52
2023-09-22,208.6,330.52,85.21,73.11,338.84,146.15,108.05,95.7,116.83,462.54
2023-09-25,210.23,334.56,85.7,72.87,343.52,144.57,107.49,95.28,117.26,461.95
2023-09-26,214.65,339.48,86.85,73.77,357.93,143.09,106.42,94.61,118.17,474.6
2023-09-27,215.11,331.97,84.94,73.52,346.32,142.19,104.33,95.79,116.12,477.17
2023-09-28,217.95,337.22,86.7,75.3,353.4,141.83,102.38,95.77,115.37,488.3
2023-09-29,217.13,333.15,85.22,77.52,349.01,141.32,102.01,99.22,115.4,495.27
2023-10-02,221.19,331.18,85.42,79.82,348.04,141.87,101.35,99.03,115.49,501.97
2023-10-03,222.0,332.39,87.49,82.71,341.9,142.08,106.51,100.76,117.4,490.36
2023-10-04,221.35,334.65,87.53,83.14,352.41,143.41,107.3,103.96,118.8,501.79
2023-10-05,228.21,343.64,89.91,81.83,361.51,145.35,111.16,105.31,117.56,522.49
2023-10-06,222.81,332.99,88.94,83.91,339.36,145.02,109.42,104.89,118.44,496.72
2023-10-09,225.69,335.27,90.76,85.69,347.62,145.32,111.18,106.54,118.44,504.95
2023-10-10,222.45,329.22,89.16,84.5,333.79,143.79,110.3,107.84,117.89,492.5
2023-10-11,219.46,325.71,88.92,85.47,332.38,144.91,111.68,108.99,118.29,488.69
2023-10-12,219.87,326.89,89.6,85.79,344.84,143.76,112.93,109.38,118.76,493.87
2023-10-13,223.42,332.53,91.7,86.94,353.96,144.29,114.93,107.41,119.88,517.86
2023-10-16,225.18,333.44,92.08,88.37,356.12,145.61,115.44,111.06,122.06,525.97
2023-10-17,225.04,333.33,92.02,86.97,349.4,146.63,117.3,113.02,121.83,549.44
2023-10-18,225.1,336.29,91.34,86.33,351.93,146.83,114.67,113.71,122.77,541.01
2023-10-19,221.36,330.25,90.12,84.78,339.76,144.78,116.51,113.4,123.38,529.3
2023-10-20,221.35,330.04,89.55,84.04,334.08,143.34,118.89,114.46,124.68,515.99
2023-10-23,217.33,323.13,87.5,83.18,321.38,141.82,117.45,113.65,124.86,508.13
2023-10-24,216.27,326.02,87.64,80.78,331.1,144.15,119.06,113.49,124.89,522.46
2023-10-25,220.4,330.12,90.27,82.02,338.21,143.83,119.29,115.16,123.79,530.66
2023-10-26,224.99,331.62,92.13,80.5,350.38,141.72,117.67,115.08,124.43,560.33
2023-10-27,220.82,326.77,90.12,78.08,342.31,141.91,115.93,116.0,123.25,573.44
2023-10-30,222.84,324.94,91.81,78.35,348.04,141.64,117.48,117.73,124.62,588.01
2023-10-31,224.77,328.33,92.83,78.49,355.2,144.09,118.36,120.53,124.49,603.33
2023-11-01,236.33,341.16,97.52,81.74,392.31,145.99,122.85,122.01,127.49,655.78
2023-11-02,238.89,338.0,98.19,79.54,387.24,142.8,122.62,120.7,126.39,673.99
2023-11-03,235.81,325.53,96.27,76.99,361.48,140.22,118.11,116.32,123.91,637.8
2023-11-06,231.61,321.92,95.73,77.31,353.01,139.11,118.1,115.05,123.52,594.7
2023-11-07,234.59,324.83,98.54,79.94,364.04,139.7,119.07,118.2,123.86,629.35
2023-11-08,236.16,327.64,99.75,79.12,363.04,138.47,120.75,116.93,122.66,632.59
2023-11-09,235.4,325.85,98.94,75.97,352.9,138.69,118.96,111.69,120.95,616.72
2023-11-10,236.76,326.24,98.74,74.42,355.39,139.11,120.75,109.65,122.56,618.16
2023-11-13,237.0,329.4,98.77,71.72,361.46,139.05,119.56,109.49,123.24,612.22
2023-11-14,237.22,322.49,97.79,71.47,355.13,137.01,117.61,103.02,123.71,580.31
2023-11-15,237.68,318.34,97.64,73.69,350.72,137.83,116.92,103.32,122.54,585.33
2023-11-16,238.4,315.31,96.74,73.87,352.26,139.12,116.72,100.94,123.35,602.08
2023-11-17,232.76,307.64,94.88,73.15,334.53,138.62,117.44,100.25,122.49,582.9
2023-11-20,231.95,310.46,96.65,72.13,330.64,138.98,116.38,97.86,119.55,568.09
2023-11-21,231.97,309.02,97.54,73.95,339.53,139.37,119.43,99.54,120.54,579.35
2023-11-22,224.3,304.27,95.96,70.78,325.14,139.46,118.01,99.55,119.21,557.22
2023-11-23,228.72,305.49,96.59,70.54,324.55,139.34,117.1,100.08,117.72,556.69
2023-11-24,229.04,310.25,97.62,69.86,323.13,138.95,117.24,96.8,115.87,534.19
2023-11-27,228.29,309.51,96.84,70.22,322.47,138.69,117.89,98.01,114.62,537.4
2023-11-28,231.52,315.69,98.74,70.52,334.9,140.13,119.48,99.28,114.87,546.67
2023-11-29,231.05,313.3,97.75,72.06,337.28,138.61,116.97,98.63,114.49,541.78
2023-11-30,226.88,312.58,96.62,70.79,332.08,138.05,112.98,97.29,113.4,515.12
2023-12-01,230.81,318.27,100.29,72.81,340.58,137.9,114.26,97.72,113.6,507.67
2023-12-04,233.22,320.82,101.65,71.97,346.45,139.11,113.75,96.04,114.41,504.03
2023-12-05,232.54,324.93,101.32,73.44,350.39,138.97,114.73,97.56,114.48,495.77
2023-12-06,233.03,319.01,100.78,75.31,335.7,138.31,113.23,95.32,112.35,464.04
2023-12-07,232.32,322.04,99.77,75.21,339.92,140.62,114.38,96.91,113.35,464.14
2023-12-08,230.45,323.94,97.92,73.62,333.12,140.89,112.56,97.27,112.73,443.42
2023-12-11,225.42,319.37,95.51,71.9,327.02,141.15,114.23,96.38,111.97,440.6
2023-12-12,223.65,316.2,94.51,73.53,326.21,142.36,117.17,98.95,111.48,454.99
2023-12-13,227.24,321.64,95.91,74.82,336.51,142.05,116.61,100.83,111.01,461.85
2023-12-14,229.98,324.69,97.4,73.93,344.71,141.15,115.14,99.46,112.28,462.3
2023-12-15,237.91,325.49,98.1,77.04,362.67,140.69,115.51,101.74,113.71,490.36
2023-12-18,238.09,321.1,97.27,77.16,357.69,138.34,115.48,101.69,112.75,502.26
2023-12-19,236.99,319.35,97.28,79.48,359.58,139.76,114.97,102.46,112.62,508.9
2023-12-20,240.01,327.25,97.3,78.78,379.4,138.91,115.49,104.87,113.16,520.93
2023-12-21,239.71,331.75,99.04,79.1,379.98,141.34,118.75,104.79,113.32,524.25
2023-12-22,237.56,331.01,99.32,78.43,383.39,139.29,121.93,105.38,114.23,527.43
2023-12-25,234.76,328.44,96.8,78.45,378.51,139.16,121.88,105.52,114.85,526.14
2023-12-26,232.96,324.25,94.49,78.04,373.46,137.41,122.3,104.01,112.9,531.52
2023-12-27,226.25,321.2,93.11,77.1,359.98,137.85,123.8,102.48,113.0,514.19
2023-12-28,227.39,320.68,94.0,78.17,355.64,137.53,125.81,103.55,114.01,507.73
2023-12-29,224.11,324.58,92.46,76.41,358.17,138.95,126.34,107.36,113.78,512.08
